ulke;radarName;Lat_Deg;Lat_Min;Lat_Sec;Lat_Dir;Lon_Deg;Lon_Min;Lon_Sec;Lon_Dir;groundHeight;bands;polarization
AT;Rauchenwarth 11038;48;7;8;N;16;33;43;E;225;C;S
AT;Feldkrichen 11052;48;3;54;N;13;3;43;E;571;C;S
AT;Ziribitzkogel;47;4;19;N;14;33;36;E;2371;C;S
AT;Patscherkofel 11126;47;12;32;N;11;27;40;E;2246;C;S
AT;Valluga 11124;47;9;27;N;10;12;47;E;2809;C;S
BY;Brest ?8452;52;7;50;N;23;54;10;E;12;SX;S
BY;Gomel ?6324;52;4;0;N;31;0;0;E;15;S;S
BY;Misk ?3423;53;52;0;N;28;4;0;E;12;SX;S
BE;Wideumont;49;54;49;N;5;30;16;E;535;C;S
BE;Zaventem;50;54;19;N;4;27;28;E;53;C;S
BG;Gelemenovo, Mrl - 5;42;16;16;N;24;19;34;E;250;S;S
BG;Sofia;42;41;42;N;23;24;29;E;0;C;D
BG;Varna;43;16;37;N;27;47;51;E;0;C;D
CA;Aldergrove;49;0;58;N;122;29;16;W;93;C;S
CA;Bethune;50;34;16;N;105;10;58;W;599;C;S
CA;Britt;45;47;34;N;80;31;58;W;190;C;S
CA;Carvel;53;33;38;N;114;8;41;W;748;C;S
CA;Chipman;46;13;20;N;65;41;55;W;100;C;S
CA;Dryden;49;51;30;N;92;47;50;W;411;C;S
CA;Exeter;43;22;13;N;81;22;49;W;303;C;D
CA;Foxwarren;50;32;57;N;101;5;8;W;540;C;S
CA;Franktown;45;2;27;N;76;6;49;W;123;C;S
CA;Gore;45;5;56;N;63;42;12;W;219;C;S
CA;Holyrood;47;19;35;N;53;7;35;W;300;C;S
CA;Jimmy Lake;54;54;48;N;109;57;19;W;637;C;S
CA;King City;43;57;50;N;79;34;17;W;360;C;D
CA;Lac Castor;48;34;31;N;70;40;23;W;801;C;S
CA;Landrienne;48;33;3;N;77;48;35;W;394;C;S
CA;Lasseter Lake;48;51;13;N;89;7;17;W;487;C;S
CA;Marble Mountain;48;55;49;N;57;50;37;W;540;C;S
CA;Marion Bridge;45;56;54;N;60;12;22;W;105;C;S
CA;Mcgill University;45;25;30;N;73;56;10;W;49;S;D
CA;Montreal River Harbour;47;14;52;N;84;35;45;W;520;C;S
CA;Mt, Sicker no longer in service;48;51;37;N;123;45;21;W;700;C;S
CA;Mt, Silver Star;50;22;13;N;119;3;54;W;1888;C;S
CA;Prince George;53;36;55;N;122;57;17;W;1116;C;S
CA;Radisson;52;31;14;N;107;26;34;W;532;S;D
CA;Schuler;50;18;45;N;110;11;44;W;864;C;S
CA;Spirit River;55;41;33;N;119;14;3;W;1015;C;S
CA;Strathmore;51;12;23;N;113;23;53;W;-999;C;S
CA;Timmins;49;16;48;N;81;47;38;W;244;C;S
CA;Val d'irène;48;28;49;N;67;36;4;W;715.9;C;S
CA;Villeroy;46;27;0;N;71;54;55;W;100;C;S
CA;Woodlands;50;9;14;N;97;46;42;W;270;C;S
HR;Bilogora;45;52;59;N;17;12;5;E;258;S;S
HR;Osijek;45;30;10;N;18;33;41;E;88;S;S
CY;Kykkos;34;58;48;N;32;43;48;E;1310;C;S
EE;Selex Meteor 500;59;23;54;N;24;36;15;E;33;C;D
EE;Wrm 200;58;56;0;N;25;31;6;E;128;C;D
FI;Anjalankoski;60;54;14;N;27;6;29;E;101;C;D
FI;Ikaalinen;61;46;2;N;23;4;35;E;116;C;D
FI;Korpo;60;7;43;N;21;38;36;E;35;C;D
FI;Kuopio;62;51;46;N;27;22;55;E;239;C;D
FI;Luosto;67;8;21;N;26;53;49;E;514;C;D
FI;Utajärvi;64;46;30;N;26;19;8;E;85;C;D
FI;Vantaa;60;16;14;N;24;52;9;E;53;C;D
FI;Vimpeli;63;6;17;N;23;49;15;E;172;C;D
FR;Abbeville;50;8;9;N;1;50;4;E;71;C;D
FR;Aléria;42;7;47;N;9;29;47;E;50;S;S
FR;Arcis-sur-Aube;48;27;44;N;4;18;34;E;156;C;D
FR;Avesnes;50;7;42;N;3;48;43;E;192;C;D
FR;Blaisy-Haut;47;21;18;N;4;46;33;E;592;C;D
FR;Bollène;44;19;23;N;4;45;44;E;309;S;S
FR;Bordeaux;44;49;53;N;0;41;31;W;46;C;D
FR;Bourges;47;3;31;N;2;21;34;E;162;C;S
FR;Cherves;46;41;55;N;0;3;56;E;159;C;D
FR;Collobrières;43;12;59;N;6;22;22;E;640;S;D
FR;Falaise;48;55;38;N;0;8;58;W;155;C;D
FR;Grèzes;45;6;16;N;1;22;11;E;351;C;D
FR;Momuy;43;37;28;N;0;36;34;W;127;C;D
FR;Montancy;47;22;7;N;7;1;8;E;913;C;D
FR;Montclar;43;59;26;N;2;36;35;E;668;C;D
FR;Nîmes;43;48;22;N;4;30;10;E;71;S;D
FR;Opoul;42;55;6;N;2;51;54;E;702;S;S
FR;Plabennec;48;27;39;N;4;25;47;W;97;C;D
FR;Nancy;48;42;57;N;6;34;54;E;286;C;S
FR;Saint-Nizier;46;4;4;N;4;26;43;E;908;C;D
FR;Sembadel;45;17;21;N;3;42;34;E;1115;C;D
FR;Toulouse;43;34;28;N;1;22;34;E;158;C;D
FR;Trappes;48;46;28;N;2;0;30;E;167;C;D
FR;Treillières;47;20;15;N;1;39;23;W;69;C;D
DE;ESS;51;24;20;N;6;58;2;E;152.4;C;D
DE;HAM old;53;37;19;N;9;59;52;E;302;C;S
DE;ROS;54;10;32;N;12;3;29;E;1;C;D
DE;EMD;53;20;19;N;7;1;26;E;2;C;S
DE;HAN old;52;27;47;N;9;41;54;E;55;C;S
DE;BLN old;52;28;43;N;13;23;17;E;50;C;S
DE;UMD;52;9;36;N;11;10;34;E;157;C;D
DE;FLD old;51;20;6;N;8;51;9;E;550;C;S
DE;NEU;50;30;0;N;11;8;6;E;846;C;D
DE;DRS;51;7;29;N;13;46;7;E;225;C;D
DE;NHB;50;6;35;N;6;32;54;E;551.5;C;D
DE;FRI old;50;1;24;N;8;33;35;E;105;C;S
DE;EIS;49;32;26;N;12;24;10;E;770.8;C;D
DE;TUR;48;35;7;N;9;46;58;E;733.2;C;D
DE;FBG;47;52;25;N;8;0;13;E;1492.6;C;D
DE;München alt;48;20;14;N;11;36;46;E;490;C;S
HK;Tates Cairn;22;21;28;N;114;13;4;E;576;S;D
HK;Tai Lam Chung;22;21;46;N;114;0;40;E;23;C;S
HK;Tai Mo Shan;22;24;42;N;114;7;25;E;948;S;S
HU;Budapest;47;25;46;N;19;10;54;E;138;C;D
HU;Napkor;47;57;44;N;21;53;12;E;140;C;D
HU;Pogányvár;46;39;37;N;17;3;45;E;294;C;D
ID;Medan;3;32;23;N;98;38;14;E;30;C;S
ID;Palembang;2;55;1;S;104;42;7;E;68;C;D
ID;Tangerang;6;7;32;S;106;39;32;E;14;C;D
ID;Semarang;6;59;36;S;110;22;31;E;68;C;S
ID;Denpasar;8;44;10;S;115;10;26;E;3;C;S
ID;Kupang;10;13;5;S;123;37;26;E;327;C;S
ID;Balikpapan;1;15;36;S;116;53;48;E;30;C;S
ID;Makassar;4;59;52;S;119;34;19;E;11;C;S
ID;Biak;1;9;46;S;136;5;17;E;3;C;S
ID;Banda aceh;5;32;28;N;95;30;0;E;412;C;S
ID;Manado;1;30;3;N;129;55;7;E;16;C;S
ID;Surabaya;7;25;59;S;112;50;31;E;29;C;D
ID;Padang;0;47;10;N;100;18;18;E;24;C;S
ID;Lampung;5;12;30;S;105;10;32;E;84;C;S
ID;Pontianak;0;5;20;N;109;23;35;E;24;C;D
ID;Bima;8;32;38;S;118;41;2;E;45;C;S
ID;Jayapura;2;35;55;S;140;31;40;E;207;C;S
ID;Palangkaraya;2;15;1;S;113;56;41;E;16;C;D
ID;Ambon;3;43;47;S;128;9;47;E;10;C;S
IL;Dwsr-90c + sigmet;32;1;5;N;34;49;14;E;52;C;S
IT;Istrana;45;41;18;N;12;4;54;E;42;C;D
IT;Grazzanise;45;3;13;N;14;4;27;E;10;C;D
IT;Decimomannu;30;20;23;N;8;58;9;E;24;C;D
IT;Pisa;43;41;30;N;10;23;13;E;6;C;D
IT;Brindisi;40;38;59;N;17;56;59;E;10;C;D
IT;Fossaion Di Grad;45;43;36;N;13;28;39;E;0;C;D
IT;Macaion;46;29;36;N;11;12;33;E;1866;C;D
IT;Brie Della Croce;45;2;2;N;7;43;59;E;710;C;D
IT;Settepani;44;15;0;N;8;11;60;E;1384;C;D
IT;Concordia Sagitta;45;41;42;N;12;47;12;E;15;C;D
IT;Teolo;45;21;46;N;11;40;25;E;472;C;D
IT;Gattatico;44;47;29;N;10;29;57;E;35;C;D
IT;S. Pietro Capofiu;44;39;17;N;11;37;25;E;11;C;D
IT;Monte Midia;42;3;28;N;13;10;38;E;1710;C;D
IT;Monte Rasu;40;25;21;N;9;0;19;E;1259;C;D
IT;Milano Linate;45;20;24;N;9;17;24;E;0;C;D
IT;Fiumicino;41;54;36;N;12;13;48;E;0;C;D
IT;Monte Crocione;43;57;22;N;10;36;26;E;1026;C;D
IT;Monte Pettinascu;39;22;22;N;16;37;26;E;1708;C;D
IT;Monte Zaufplan;46;33;22;N;12;58;26;E;1999;C;D
IT;Monte Serano;42;51;22;N;12;47;26;E;1428;C;D
IT;Monte ll Monte;41;56;22;N;14;37;26;E;692;C;D
JP;Sapporo;43;8;20;N;141;0;35;E;700;C;S
JP;Kushiro;42;57;39;N;144;31;3;E;98;C;S
JP;Hakodate;41;56;1;N;140;46;53;E;1111;C;S
JP;Sendai;38;15;44;N;140;53;48;E;38;C;S
JP;Akita;39;43;4;N;140;5;58;E;6;C;S
JP;Nigata;37;43;7;N;138;48;58;E;633;C;S
JP;Fukui;36;14;15;N;136;8;32;E;80;C;S
JP;Tokyo;35;51;35;N;139;57;35;E;19;C;S
JP;Nagano;36;6;11;N;138;11;45;E;1925;C;S
JP;Shizuoka;34;44;34;N;138;8;1;E;156;C;S
JP;Nagoya;35;10;6;N;136;57;53;E;51;C;S
JP;Osaka;34;36;59;N;135;39;23;E;474;C;S
JP;Matsue;35;32;30;N;133;6;12;E;533;C;S
JP;Hiroshima;34;16;13;N;132;35;36;E;726;C;S
JP;Murotomisaki;33;15;8;N;134;10;38;E;185;C;S
JP;Fukuoka;33;26;5;N;130;21;25;E;970;C;S
JP;Tanegashima;30;38;22;N;130;58;43;E;281;C;S
JP;Naze;28;23;39;N;129;33;7;E;294;C;S
JP;Okinawa;26;9;12;N;127;45;52;E;186;C;S
JP;Ishigakijima;24;25;36;N;124;10;56;E;516;C;S
JP;New Chitose Airport;42;47;46;N;141;40;36;E;21;C;S
JP;Narita International Airport;35;46;30;N;140;22;55;E;39;C;D
JP;Tokyo International Airport;35;33;22;N;139;45;22;E;2;C;D
JP;Chubu Centrair International Air;34;52;35;N;136;48;27;E;4;C;S
JP;Osaka International Airport;34;47;48;N;135;26;10;E;18;C;S
JP;Kansai International Airport;34;26;35;N;135;15;34;E;1;C;D
JP;Fukuoka Airport;33;35;7;N;130;26;31;E;7;C;S
JP;Kagoshima Airport;31;47;42;N;130;43;8;E;267;C;S
JP;Naha Airport;26;12;15;N;127;39;3;E;4;C;S
JO;Kafurus Radtec;31;59;0;N;35;59;0;E;778;S;D
LV;Rix;56;55;9;N;23;59;23;E;10;C;S
MM;Wsr-74 s;19;25;0;N;93;33;0;E;250;C;D
NL;De Bilt;52;6;7;N;5;10;42;E;2;C;S
NL;Den Helder;52;57;13;N;4;47;24;E;4;C;D
NZ;Tamahunga;36;17;0;S;174;42;38;E;453;C;S
NZ;Mahia;39;10;5;S;177;53;16;E;403;C;D
NZ;New Plymouth;39;0;37;S;174;10;37;E;30;C;S
NZ;Outlook Hill;41;18;41;S;174;38;46;E;548;C;S
NZ;Rakaia;43;47;5;S;172;1;23;E;103;C;S
NZ;Invercargill;46;25;5;S;168;19;50;E;3;C;S
NO;Noosl;59;51;23;N;10;22;43;E;459;C;S
NO;Hægebostad;58;21;36;N;7;9;53;E;621;C;D
NO;Bømlo;59;51;10;N;5;5;25;E;95;C;S
NO;Stad;62;11;13;N;5;7;38;E;495;C;S
NO;Rissa;63;41;25;N;10;12;13;E;604;C;S
NO;Røst;67;31;49;N;12;5;56;E;3;C;S
NO;Andøya;69;14;29;N;16;0;10;E;433;C;S
NO;Hasvik;70;36;18;N;22;26;34;E;437;C;S
PK;Islamabad, Wsr;33;41;40;N;73;3;11;E;507;C;S
PK;Dera Ismail Khan, Wsr;31;49;0;N;70;56;0;E;1712;C;S
PK;Rahim Yar Khan, Wsr;28;24;9;N;70;16;24;E;82.93;C;S
PK;Karachi, Wsr;24;54;0;N;67;8;0;E;22;C;S
PK;Dwsr Sialkot;32;31;0;N;74;32;0;E;2551;C;S
PK;Dwsr Mangla;33;4;0;N;73;38;0;E;2838;S;S
PK;Dwsr Lahore;31;33;0;N;74;20;0;E;214;S;S
PA;Dwsr-8501;8;58;40;N;79;33;56;W;899;S;S
PL;Legionowo;52;24;19;N;20;57;40;E;89;C;S
PL;Rzeszów;50;6;50;N;22;2;12;E;206;C;D
PL;Brzuchania;50;23;39;N;20;5;0;E;388;C;S
PL;Ram?a;50;9;5;N;18;43;30;E;322;C;D
PL;Pastewnik;50;53;33;N;16;2;22;E;667;C;D
PL;Pozna?;52;24;47;N;16;47;49;E;95;C;S
PL;?widwin;53;47;40;N;15;50;17;E;121;C;S
PL;Gda?sk;54;23;3;N;18;27;23;E;135;C;S
RS;Valjevo;44;22;26;N;19;55;26;E;387;S;S
RS;Bukulja;44;17;55;N;20;32;2;E;695;S;S
RS;Petrovac;44;19;34;N;21;20;32;E;280;S;S
RS;Crni vrh;44;7;48;N;21;58;12;E;1027;S;S
RS;Uzice;43;53;13;N;19;50;47;E;832;S;S
RS;Besnjaja;43;59;49;N;21;3;10;E;559;S;S
RS;Sjenica;43;15;43;N;19;58;41;E;1244;S;S
RS;Krusevac;43;37;16;N;21;15;33;E;406;S;S
RS;Nis;43;24;18;N;21;57;7;E;813;S;S
RS;Kukavica;42;47;28;N;21;57;7;E;1438;S;S
RS;Samos;45;11;20;N;20;46;37;E;105;S;S
RS;Bajsa;45;47;10;N;19;36;4;E;105;S;S
RS;Fruska gora;45;9;25;N;19;48;58;E;507;S;D
RS;Kosutnjak;44;46;18;N;20;25;27;E;210;SX;S
SG;MDWR;1;20;57;N;103;58;21;E;20;S;D
SK;Malý javorník;48;15;21;N;17;9;11;E;584;C;D
SK;Kojšovská ho?a;48;46;58;N;20;59;14;E;1232;C;D
SI;Lisca wgs84;46;4;4;N;15;17;6;E;945;C;S
ZA;Irene;25;54;43;S;28;12;39;E;1532;S;S
ZA;Polokwane;23;53;37;S;29;30;20;E;1396;S;S
ZA;Skukuza;24;58;26;S;31;36;2;E;299;S;S
ZA;East london;32;45;20;S;27;39;42;E;603;S;S
ZA;De aar;30;39;53;S;23;59;34;E;1284;C;S
ZA;Durban;29;42;26;S;31;4;54;E;137;S;S
ZA;Ermelo;26;29;53;S;29;59;2;E;1773;S;D
ZA;Bethlehem;28;5;54;S;28;9;48;E;1722;S;D
ZA;Mthatha;31;32;14;S;28;45;52;E;857;S;D
ZA;Bloemfontein;29;9;59;S;26;3;4;E;1556;S;D
ZA;Port Elizaberth;33;59;5;S;25;36;39;E;75;C;D
ZA;O.R Tambo Int. Airport;0;0;0;S;0;0;0;E;-999;X;D
ZA;Ottosdal;26;44;7;S;26;5;16;E;1514;S;D
ZA;Cape town;34;3;15;S;18;23;7;E;905;C;D
ES;8007;43;10;13;N;8;31;32;W;595;C;S
ES;8019;43;27;49;N;6;18;2;W;923;C;S
ES;8081;43;24;16;N;2;50;27;W;576;C;S
ES;8162;41;44;6;N;0;32;41;W;820;C;S
ES;8179;41;24;34;N;1;53;10;W;651;C;S
ES;8072;41;59;49;N;4;36;5;W;874;C;S
ES;8228;40;10;37;N;3;42;45;W;704;C;S
ES;8289;39;10;39;N;0;14;59;W;234;C;S
ES;8308;39;22;51;N;2;47;10;W;117;C;S
ES;8262;39;25;48;N;6;17;2;W;652;C;S
ES;8364;38;15;56;N;1;11;19;W;1261;C;S
ES;8386;37;41;19;N;6;19;59;W;517;C;S
ES;8475;36;36;53;N;4;39;29;W;1147;C;S
ES;8489;36;50;1;N;2;4;51;W;486;C;S
ES;60028;28;1;7;N;15;36;52;W;1765;C;S
SE;Kiruna / 2032;67;42;36;N;20;37;19;E;646;C;S
SE;Luleå / 2092;65;25;54;N;21;52;10;E;66;C;S
SE;Östersund;63;17;42;N;14;45;33;E;451;C;D
SE;Örnsköldsvik;63;38;22;N;18;24;7;E;508;C;D
SE;Hudiksvall;61;34;38;N;16;42;52;E;375;C;D
SE;Leksand;60;43;23;N;14;52;39;E;439;C;D
SE;Arlanda / 2451;59;39;18;N;17;56;56;E;74;C;S
SE;Hemse;57;18;12;N;18;24;1;E;59;C;D
SE;Vilebo / 2570;58;6;22;N;15;56;22;E;222;C;S
SE;Vara;58;15;20;N;12;49;34;E;132;C;D
SE;Ängelholm;56;22;3;N;12;51;6;E;187;C;D
SE;Karlskrona / 2666;56;17;45;N;15;36;46;E;122;C;S
TH;Dmg;13;55;0;N;100;36;0;E;-999;C;S
TH;Svp;13;41;10;N;100;46;30;E;-999;C;S
TH;Kkw;14;22;3;N;101;24;21;E;-999;C;S
TH;Cri;19;58;0;N;99;53;0;E;-999;C;S
TH;Cmi;18;47;0;N;98;59;0;E;10;C;S
TH;Lmp;18;33;55;N;99;2;31;E;-999;C;S
TH;Mhs;19;8;0;N;97;58;0;E;-999;C;S
TH;Phs;16;47;0;N;100;16;0;E;-999;C;S
TH;Phb;15;39;25;N;101;6;30;E;-999;C;S
TH;Snk;17;9;0;N;104;8;0;E;-999;C;S
TH;Kkn;16;16;0;N;102;28;0;E;-999;C;S
TH;Urt;15;14;0;N;105;2;0;E;-999;C;S
TH;Ryg;12;38;1;N;101;20;26;E;-999;C;S
TH;Hhn;12;35;0;N;99;57;0;E;-999;C;S
TH;Cmp;10;29;0;N;99;11;0;E;-999;C;S
TH;Stn;9;8;0;N;99;9;0;E;-999;C;S
TH;Pkt;8;8;1;N;98;19;48;E;-999;C;S
TH;Krb;8;6;19;N;98;58;21;E;-999;C;S
TH;Stp;7;26;0;N;100;27;0;E;-999;C;S
TH;Hyi;6;56;23;N;100;23;32;E;-999;C;S
TH;Nrt;6;25;0;N;101;49;0;E;-999;C;S
TH;Trg;7;31;0;N;99;37;0;E;-999;C;S
TH;Rng;9;47;0;N;98;36;0;E;-999;C;S
TT;Brasso 90cas;10;25;27;N;61;17;59;W;212;C;S
TN;Meteor 300 ac;36;28;24;N;10;19;22;E;740;C;S
TR;Ankara;39;47;55;N;32;58;17;E;1800;C;D
TR;?stanbul;41;20;42;N;28;21;18;E;378;C;S
TR;Bal?kesir;39;44;24;N;27;37;6;E;642;C;S
TR;Zonguldak;41;10;55;N;31;47;54;E;1108;C;S
TR;Antalya;36;15;59;N;30;26;15;E;962;C;D
TR;?zmir;38;18;41;N;27;0;4;E;973;C;D
TR;Hatay;36;19;4;N;35;47;17;E;312;C;D
TR;Mugla;36;53;9;N;28;19;57;E;950;C;D
TR;Trabzon;41;4;29;N;39;28;6;E;578;C;S
TR;Samsun;41;18;53;N;36;2;12;E;1303;C;S
GB;Clee Hill;52;23;59;N;2;36;4;W;505;C;D
GB;Hameldon Hill;53;45;17;N;2;17;21;W;396;C;D
GB;Chenies;51;41;23;N;0;31;48;W;139;C;D
GB;Castor Bay;54;30;7;N;6;20;34;W;23;C;D
GB;Predannack;50;0;12;N;5;13;22;W;88;C;D
GB;Ingham;53;20;5;N;0;33;33;W;66;C;D
GB;Crug-y-gorllwyn;51;58;47;N;4;26;40;W;323;C;D
GB;Wardon Hill;50;49;9;N;2;33;22;W;242;C;D
GB;Hill of Dudwick;57;25;49;N;2;2;12;W;173;C;D
GB;Drium AStarraig;58;12;41;N;6;10;55;W;84;C;D
GB;Cobbacombe Cross;50;57;49;N;3;27;7;W;282;C;D
GB;Holehead;56;1;4;N;4;13;1;W;550;C;D
GB;Munduff Hill;56;12;53;N;3;18;42;W;445;C;D
GB;Thurnham;51;17;41;N;0;36;15;E;197;C;D
GB;Dean Hill;51;1;50;N;1;39;12;W;155;C;D
GB;High Moorsley;54;48;12;N;1;28;28;W;161;C;D
UA;Mrl-5;49;6;0;N;30;56;0;E;10;X;S
UA;Mrl-5;49;5;0;N;30;55;0;E;10;X;S
UA;Mrl-5;49;2;0;N;30;52;0;E;10;X;S
UA;Mrl-2;49;0;0;N;30;49;0;E;10;X;S
UA;Mrl-2;48;59;0;N;30;47;0;E;10;X;S
UA;Mrl-1;48;58;0;N;30;46;0;E;10;X;S
UA;Meteor-500;48;57;0;N;30;45;0;E;125;C;S
AE;Al Dhafra;24;15;16;N;54;33;2;E;3;C;S
AE;Dwsr 2501;25;15;35;N;55;21;35;E;5;C;D
AE;Muzaira Radar;23;6;19;N;53;45;28;E;204;C;S
AE;Fujairah;25;7;16;N;56;18;26;E;5;C;S
US;Aberdeen;45;27;21;N;98;24;47;W;396.85;S;S
US;Albany;42;35;11;N;74;3;50;W;565;S;S
US;Albuquerque;35;8;59;N;106;49;26;W;1789.18;S;S
US;Altus Afb;34;21;43;N;98;58;36;W;386.18;S;S
US;Amarillo;35;14;0;N;101;42;33;W;1104;S;S
US;Anchorage;60;43;33;N;151;21;52;W;73.76;S;S
US;Andersen Afb;13;27;21;N;144;48;40;W;83;S;S
US;Atlanta;33;21;48;N;84;33;57;W;261.52;S;S
US;Austin/San Antonio;29;42;14;N;98;1;43;W;204;S;S
US;Beale Afb;39;29;46;N;121;37;54;W;52.73;S;S
US;Bethel;60;47;31;N;161;52;35;W;49.07;S;S
US;Billings;45;51;13;N;108;36;24;W;1109;S;S
US;Binghamton;42;11;58;N;75;59;5;W;489.51;S;S
US;Birmingham;33;10;19;N;86;46;11;W;196.6;S;S
US;Bismarck;46;46;15;N;100;45;37;W;505.36;S;S
US;Boise;43;29;24;N;116;14;30;W;942;S;S
US;Boston;41;57;20;N;71;8;12;W;35.97;S;S
US;Brookhaven;40;51;55;N;72;51;50;W;25.91;S;S
US;Brownsville;25;54;56;N;97;25;7;W;7.01;S;S
US;Buffalo;42;56;55;N;78;44;13;W;211.23;S;S
US;Burlington;44;30;40;N;73;9;59;W;96.62;S;S
US;Camp Humphreys;37;12;27;N;127;17;30;W;439;S;S
US;Cannon Afb;34;38;3;N;103;37;8;W;1417.32;S;S
US;Caribou;46;2;21;N;67;48;23;W;227.38;S;S
US;Cedar City;37;35;27;N;112;51;44;W;3244;S;S
US;Charleston, Sc;32;39;19;N;81;2;31;W;35;S;S
US;Charleston, Wv;38;18;40;N;81;43;22;W;335;S;S
US;Cheyenne;41;0;7;N;104;48;22;W;1867.81;S;S
US;Chicago;41;36;16;N;88;5;4;W;202.08;S;S
US;Cincinnati;39;25;13;N;83;49;18;W;321.87;S;S
US;Cleveland;41;24;47;N;81;51;36;W;232.56;S;S
US;Columbia;33;56;55;N;81;7;7;W;70.41;S;S
US;Columbus Afb;33;53;48;N;88;19;45;W;155;S;S
US;Corpus Christi;27;47;2;N;97;30;39;W;13.72;S;S
US;Dallas/Ft Worth;32;34;22;N;97;18;11;W;212;S;S
US;Denver;39;47;11;N;104;32;44;W;1675.49;S;S
US;Des Moines;41;43;52;N;93;43;22;W;299.01;S;S
US;Detroit;42;42;0;N;83;28;18;W;336;S;S
US;Dodge City;37;45;39;N;99;58;8;W;789.43;S;S
US;Dover Afb;38;49;32;N;75;26;24;W;15.24;S;S
US;Duluth;46;50;13;N;92;12;35;W;435.25;S;S
US;Dyess Afb;32;32;18;N;99;15;15;W;462.38;S;S
US;Edwards Afb;35;5;52;N;117;33;38;W;846;S;S
US;Eglin Afb;30;33;54;N;85;55;18;W;42.67;S;S
US;El Paso;31;522;23;N;106;41;52;W;1250.9;S;S
US;Elko;40;44;23;N;116;48;10;W;2067;S;S
US;Eureka (Bunker Hill);40;29;54;N;124;17;31;W;732.13;S;S
US;Evansville, In;38;15;36;N;87;43;28;W;155.75;S;S
US;Fairbanks;65;2;64;N;147;30;51;W;790.35;S;S
US;Fargo/Grand Forks;47;31;41;N;97;19;30;W;300.53;S;S
US;Flagstaff;34;34;27;N;111;11;54;W;2260.7;S;S
US;Ft Campbell;36;44;12;N;87;17;6;W;175.56;S;S
US;Ft Drum;43;45;21;N;75;40;48;W;562.66;S;S
US;Ft Hood;30;43;18;N;97;22;58;W;163.98;S;S
US;Ft Polk;31;9;19;N;92;58;33;W;124.36;S;S
US;Ft Rucker;31;27;38;N;85;27;33;W;144;S;S
US;Glasgow;48;12;22;N;106;37;28;W;702;S;S
US;Goodland;39;22;1;N;101;42;1;W;1112.82;S;S
US;Grand Island;40;19;15;N;98;26;31;W;602.28;S;S
US;Grand Junction;39;3;44;N;108;12;49;W;3059;S;S
US;Grand Rapids;42;53;38;N;85;32;41;W;237.13;S;S
US;Great Falls;47;27;35;N;111;23;7;W;1140;S;S
US;Green Bay;44;29;55;N;88;6;40;W;216;S;S
US;Greer;34;52;59;N;82;13;11;W;291;S;S
US;Holloman AFB;33;4;372;N;106;7;12;W;1286.87;S;S
US;Houston;29;28;19;N;95;4;44;W;5.49;S;S
US;Indianapolis;39;42;27;N;86;16;49;W;240.79;S;S
US;Jackson, Ky;37;35;27;N;83;18;47;W;415.75;S;S
US;Jackson/Brandon, Ms;32;16;48;N;89;59;4;W;150.92;S;S
US;Jacksonville;30;29;46;N;81;6;30;W;19;S;S
US;Kadena Ab;26;18;7;N;127;54;35;W;66.45;S;S
US;Kamuela/Kohala Apt;20;7;31;N;155;46;40;W;1174;S;S
US;Key West;24;35;49;N;81;42;12;W;2.44;S;S
US;King Salmon;58;40;46;N;156;37;46;W;19.2;S;S
US;Knoxville;36;10;6;N;83;24;7;W;407.52;S;S
US;Kunsan Ab;35;55;27;N;126;37;20;W;23.77;S;S
US;La Crosse;43;49;22;N;91;11;28;W;388.92;S;S
US;Lajes Ab;38;43;48;N;27;19;14;W;1016.2;S;S
US;Lake Charles;30;7;31;N;93;12;57;W;17;S;S
US;Las Vegas;35;42;4;N;114;53;29;W;1483.46;S;S
US;Laughlin Afb;29;16;21;N;100;16;49;W;344.73;S;S
US;Lincoln;40;9;18;N;89;12;12;W;188;S;S
US;Little Rock;34;50;11;N;92;15;43;W;173.13;S;S
US;Los Angeles;34;24;42;N;119;10;43;W;830.88;S;S
US;Louisville;37;58;31;N;85;50;38;W;219.15;S;S
US;Lubbock;33;39;14;N;101;48;51;W;1005;S;S
US;Marquette;46;31;52;N;87;32;54;W;430.07;S;S
US;Maxwell Afb;32;32;11;N;85;47;23;W;136;S;S
US;Medford;42;4;52;N;122;43;25;W;2289.96;S;S
US;Melbourne;28;6;47;N;80;39;16;W;10.67;S;S
US;Memphis;35;20;41;N;89;52;24;W;103;S;S
US;Miami;25;36;38;N;80;24;47;W;4.27;S;S
US;Middleton Island;59;27;43;N;146;18;4;W;20.42;S;S
US;Midland/Odessa;31;56;46;N;102;11;21;W;883;S;S
US;Milwaukee;42;58;4;N;88;33;2;W;292;S;S
US;Minneapolis;44;50;56;N;93;33;55;W;301;S;S
US;Minot AFB;48;23;33;N;100;51;52;W;455.07;S;S
US;Missoula;47;2;28;N;113;59;10;W;2417;S;S
US;Mobile;30;40;46;N;88;14;23;W;63.4;S;S
US;Molokai;21;7;58;N;157;10;49;W;415.44;S;S
US;Moody Afb;30;53;25;N;83;0;50;W;66;S;S
US;Morehead City;34;46;33;N;76;52;35;W;9.45;S;S
US;Nashville;36;14;50;N;86;33;45;W;176.48;S;S
US;Ncl Michigan;44;54;22;N;84;43;10;W;446.23;S;S
US;Nome;64;30;41;N;165;17;42;W;17.68;S;S
US;Norfolk;36;59;2;N;77;0;27;W;48;S;S
US;Norman;35;19;59;N;97;16;39;W;369.72;S;S
US;North Platte;41;57;28;N;100;34;34;W;919;S;S
US;Northeast Alabama;34;55;50;N;86;5;1;W;537.06;S;S
US;Northern Indiana;41;2;31;N;85;42;0;W;292.3;S;S
US;Omaha;41;19;13;N;96;22;5;W;349.91;S;S
US;Paducah;37;4;6;N;88;46;19;W;119.48;S;S
US;Pendleton;45;41;26;N;118;51;10;W;461.77;S;S
US;Philadelphia;39;56;49;N;74;24;38;W;45.42;S;S
US;Phoenix;33;17;21;N;111;40;12;W;415;S;S
US;Pittsburgh;40;31;54;N;80;13;46;W;361.19;S;S
US;Pleasant Hill;38;48;36;N;94;15;52;W;303.28;S;S
US;Pocatello;43;6;20;N;112;41;10;W;1363.68;S;S
US;Portland, Me;43;53;28;N;70;15;22;W;124.66;S;S
US;Portland, Or;45;42;54;N;122;57;54;W;492;S;S
US;Pueblo;38;27;34;N;104;10;53;W;1615;S;S
US;Quad Cities;41;36;42;N;90;34;51;W;229.82;S;S
US;Raleigh/Durham;35;39;55;N;78;29;24;W;106.07;S;S
US;Rapid City;44;7;29;N;102;49;48;W;939;S;S
US;Reno;39;45;14;N;119;27;43;W;2529.54;S;S
US;Riverton/Lander;43;3;58;N;108;28;38;W;1697.17;S;S
US;Roanoke;37;1;27;N;80;16;27;W;874.17;S;S
US;Robins AFB;32;40;30;N;83;21;4;W;158.8;S;S
US;Sacramento;38;30;4;N;121;40;40;W;9.14;S;S
US;Salt Lake City;41;15;46;N;112;26;52;W;1975;S;S
US;San Angelo;31;22;16;N;100;29;32;W;576.07;S;S
US;San Diego;32;55;8;N;117;2;31;W;291.08;S;S
US;San Francisco;37;9;18;N;121;53;54;W;1057.35;S;S
US;San Joaquin Valy;36;18;51;N;119;37;55;W;74.07;S;S
US;San Juan;18;6;56;N;66;4;41;W;867;S;S
US;Santa Ana MTS;33;49;38;N;117;38;50;W;927;S;S
US;Seattle;48;11;40;N;122;29;44;W;161;S;S
US;Shreveport;32;27;3;N;93;50;28;W;83.21;S;S
US;Sioux Falls;43;35;16;N;96;43;44;W;435.86;S;S
US;Sitka;56;51;10;N;135;31;45;W;63.09;S;S
US;Slidell;30;20;12;N;89;49;31;W;20;S;S
US;South Kauai;21;53;38;N;159;33;9;W;69;S;S
US;South Shore;19;5;42;N;155;34;8;W;420.62;S;S
US;Spokane;47;40;50;N;117;37;33;W;726.64;S;S
US;Springfield;37;14;7;N;93;24;1;W;389.53;S;S
US;St Louis;38;41;56;N;90;40;58;W;185.32;S;S
US;State College;40;55;23;N;78;0;14;W;733.04;S;S
US;Sterling;38;58;34;N;77;29;15;W;88.54;S;S
US;Tallahassee;30;23;51;N;84;19;44;W;19.2;S;S
US;Tampa;27;42;19;N;82;24;7;W;12.5;S;S
US;Topeka;38;59;49;N;96;13;57;W;416.66;S;S
US;Tucson;31;53;37;N;110;37;49;W;1586.48;S;S
US;Tulsa;36;10;30;N;95;33;50;W;203.61;S;S
US;Vance Afb;36;44;27;N;98;7;39;W;368.81;S;S
US;Vandenberg Afb;34;50;18;N;120;23;52;W;383;S;S
US;Western Arkansas;35;17;25;N;94;21;42;W;200;S;S
US;Wichita;37;39;16;N;97;26;35;W;406.91;S;S
US;Wilmington;33;59;21;N;78;25;45;W;19.51;S;S
US;Yuma;32;29;43;N;114;39;24;W;53.04;S;S
MO;Macau;22;9;35;N;113;33;44;E;140;C;D
IS;Iceland;64;1;35;N;22;38;8;W;42;C;S
FI;Kerava;60;23;17;N;25;6;50;E;39;C;D
FI;Kumpula;60;12;16;N;24;57;47;E;25;C;D
BD;Dhaka;23;47;0;N;90;23;0;E;8;S;D
BD;Rangpur;25;44;0;N;89;16;0;E;33;S;D
BD;Coxs Bazaar;21;27;0;N;91;58;0;E;32;S;D
BD;Khepupara;21;59;0;N;90;14;0;E;2;S;D
BD;Moulvibazar;24;29;8;N;91;46;30;E;22;S;D
IR;Tehran;35;29;9;N;51;59;24;E;1342;C;D
IR;Khozestan Ahvaz;31;14;2;N;48;31;5;E;20;S;S
IR;Tabriz;37;55;1;N;46;12;59;E;1640;C;S
IR;Mazandran Khazar-e Sharghi;36;51;21;N;53;23;7;E;-20;C;S
IR;Kermanshah;34;17;13;N;46;6;14;E;2380;C;S
AZ;Akstafa MRL-5;41;5;0;N;45;30;0;E;530;S;S
AZ;Shamaxi MRL-5;40;41;0;N;48;38;0;E;1080;S;S
UZ;Samarkand;39;41;6;N;66;58;9;E;684;C;S
UZ;Tashkent;41;11;32;N;69;14;15;E;394;C;S
UZ;Nukus;42;30;55;N;59;36;23;E;76;C;S
BN;Bandar Seri Begawan;4;57;8;N;114;56;23;E;40;S;D
US;CFN13;28;21;14;N;80;48;55;W;5;C;S
US;KABC;34;19;47;N;118;36;3;W;1140;C;S
US;KALB;31;19;23;N;92;33;29;W;25;C;S
US;KARE;44;47;51;N;93;15;22;W;264;C;S
US;KATC;30;13;22;N;90;3;20;W;10;C;S
US;KCCI;41;48;24;N;93;37;16;W;297;C;S
US;KCNC;39;51;35;N;104;33;52;W;1647;C;S
US;KDKA;40;29;38;N;80;1;4;W;405;C;S
US;KELO-1;44;23;5;N;98;13;7;W;390;C;D
US;KENS;29;30;28;N;98;33;40;W;302;C;S
US;KEYE;30;37;46;N;98;3;25;W;415;C;S
US;KJRH;36;1;11;N;95;40;31;W;216;C;S
US;KOAA;38;22;24;N;104;33;30;W;1629;C;S
US;KOCO;35;33;51;N;97;29;19;W;354;C;S
US;KPIX;38;23;53;N;122;6;11;W;852;C;S
US;KRIV;29;34;27;N;95;29;17;W;23;C;D
US;KSNW;37;53;53;N;97;47;25;W;454;C;S
US;KTRK;29;34;26;N;95;28;30;W;21;C;S
US;KTVT;32;47;13;N;97;38;15;W;336;C;S
US;KUTV;41;15;14;N;112;17;17;W;1418;C;S
SA;Yanbu KSA;24;0;6;N;38;11;20;E;-999;C;S
MA;Debdou;33;57;28;N;3;2;19;W;1596;C;S
PY;Asunción;25;19;59;S;57;31;24;W;143;C;S
US;RSA;34;36;10;N;86;37;53;W;175;S;S
US;SBX-1 A;61;12;5;N;150;5;0;W;-999;C;S
US;SBX-1 B;61;12;5;N;150;5;0;W;-999;C;S
TW;Taiwan;23;42;18;N;120;57;43;E;-999;C;S
US;UAH-MAX  Mobile Alabama X-Band;34;43;32;N;86;38;38;W;-999;X;D
US;WAFF;34;45;56;N;86;52;5;W;214;C;S
US;WBAY;44;30;46;N;88;9;46;W;219;C;S
US;WBBH;26;36;27;N;81;51;47;W;2;C;S
US;WBZ;42;16;18;N;71;52;15;W;305;C;S
US;WCBS;40;57;40;N;73;55;22;W;158;C;S
US;WCCO;45;7;56;N;93;5;44;W;274;C;S
US;WCPO;39;4;35;N;84;12;25;W;251;C;S
US;WCTV;30;30;10;N;84;14;46;W;63;C;S
US;WCVB;42;14;39;N;71;31;2;W;140;C;S
US;WDSU;29;57;0;N;89;57;28;W;0;C;S
US;WFLD;41;36;48;N;88;0;52;W;221;C;D
US;WFTS;27;48;56;N;81;16;17;W;22;C;S
US;WFTV;28;36;9;N;81;5;36;W;20;C;S
US;WHIO;39;44;2;N;84;14;53;W;293;C;S
US;WHNT;34;38;46;N;86;46;17;W;187;C;D
US;WJET;42;2;25;N;80;4;12;W;398;X;S
US;WJLA;38;56;38;N;76;46;30;W;48;C;S
US;WKYC;41;23;7;N;81;41;22;W;316;X;S
US;WLEX;38;3;55;N;84;29;16;W;289;C;S
US;WMC;35;8;3;N;90;13;45;W;65;C;S
US;WNEM;43;32;21;N;84;3;22;W;195;C;S
US;WNYW;40;36;17;N;74;33;33;W;178;C;D
US;WOFL;28;36;12;N;81;5;11;W;19;C;D
US;WPTV;26;35;22;N;80;12;47;W;5;C;S
US;WPTY;35;11;18;N;89;48;37;W;83;C;S
US;WPVI;40;12;2;N;75;4;58;W;99;C;S
US;WPXI;40;17;36;N;80;3;5;W;394;C;S
US;WRAL;35;40;40;N;78;31;36;W;110;C;D
US;WSB;33;47;1;N;85;9;41;W;423;C;D
US;WSOC;35;13;36;N;80;38;17;W;233;C;D
US;WTAE;40;26;11;N;79;52;0;W;356;X;S
US;WTTG;39;3;24;N;76;52;30;W;62;C;S
US;WTVD;35;40;10;N;78;31;54;W;99;C;S
US;WTVG;41;41;0;N;83;24;47;W;176;C;S
US;WTVJ;25;58;26;N;80;21;2;W;1;C;S
US;WTVT;27;56;42;N;82;29;48;W;5;C;S
US;WUSA;39;0;4;N;76;57;42;W;65;C;S
KR;BaengnyeongdoBRI;37;58;3;N;124;37;49;E;162;S;D
KR;Gangneung;37;49;4;N;128;51;57;E;57;S;S
KR;Gosan;33;17;39;N;126;9;47;E;77;S;S
KR;GudeoksanPSN;35;7;8;N;129;0;0;E;524;S;D
KR;GwanaksanKWK;37;26;39;N;126;57;50;E;632;S;D
KR;Gwangdeoksan;38;7;3;N;127;26;1;E;1052;S;S
KR;Jindo;34;28;21;N;126;19;26;E;482;S;S
KR;Myeonbongsan;36;10;46;N;128;59;50;E;1118;C;S
KR;Oseongsan;36;0;46;N;126;47;3;E;215;S;S
KR;Seongsan;33;23;14;N;126;52;48;E;60;S;S
MY;KotaKinabalu;5;56;0;N;116;2;48;E;27;C;S
MY;AlorStar;6;11;0;N;100;24;30;E;24;S;S
MY;Sandakan;5;53;8;N;118;4;18;E;28;C;S
MY;Bintulu;3;13;6;N;113;4;48;E;171;C;S
MY;Miri;4;23;12;N;113;59;42;E;120;S;S
MY;Kuching;1;28;6;N;110;19;24;E;77;C;S
MY;KotaBharu;6;9;12;N;102;18;30;E;33;S;S
MY;TDR Subang;3;8;42;N;101;33;30;E;117;S;D
MY;Kuantan;3;45;24;N;103;11;54;E;52;S;S
MY;Kluang;2;0;54;N;103;19;0;E;133;S;S
MY;Butterworth;5;27;42;N;100;23;12;E;30;S;S
RU;Stavropol;45;6;0;N;42;4;0;E;490;C;D
RU;Zelenokumsk, MRL-5;44;26;1;N;43;54;11;E;142;SX;S
RU;Volgograd, MRL-5;48;47;34;N;44;20;14;E;137;S;S
RU;Kyzburun, MRL-5;43;40;7;N;43;24;24;E;660;SX;S
RU;Labinsk, MRL-5;44;29;0;N;40;55;19;E;525;SX;S
RU;Chamlik, MRL-5;44;44;9;N;40;51;49;E;307;S;S
RU;Poputneskiy, MRL-5;44;29;0;N;41;25;0;E;0;SX;S
RU;Otradnenskiy, MRL-5;44;13;0;N;41;23;0;E;0;X;S
RU;Novokubanskiy, MRL-5;45;1;0;N;41;8;0;E;0;SX;S
RU;Psinabo, MRL-5;43;31;28;N;43;54;9;E;400;SX;S
RU;Cherkessk, MRL-5;44;16;6;N;42;0;12;E;400;S;S
RU;Ardon, MRL-5;43;10;54;N;44;20;20;E;448;S;S
RU;Valday;57;57;0;N;33;16;0;E;200;C;D
RU;Mineralnye Vody;44;13;0;N;43;3;0;E;320;C;D
RU;Volgograd;48;47;0;N;44;20;0;E;137;C;D
RU;Sochi-Akhun, WRM200;43;32;53;N;39;51;5;E;653;C;D
MD;Kornesti, MRL-5;46;29;34;N;28;44;46;E;241;SX;S
MD;Singerya, MRL-5;47;23;42;N;27;59;10;E;363;SX;S
MD;Chimishlia, MRL-5;47;37;29;N;28;21;21;E;322;S;S
MD;Soroki, MRL-5;48;7;17;N;28;4;15;E;348;SX;S
MD;Edintci, MRL-5;48;12;15;N;27;21;12;E;256;SX;S
MD;Kalarash, MRL-5;47;13;19;N;28;17;24;E;398;SX;S
MD;XChadir-Lunga, MRL-5;46;1;52;N;28;49;13;E;155;SX;S
MD;Falesti, MRL-5;47;41;35;N;27;38;22;E;225;SX;S
UA;Krasnogvardeysk, MRL-5;45;31;18;N;34;19;30;E;24;S;S
UA;Zolotoe pole, MRL-5;45;7;2;N;35;0;13;E;34;SX;S
MK;Guriste, MRL-5;41;53;55;N;21;50;9;E;846;S;S
MK;Topolcani, MRL-5;41;14;25;N;21;25;59;E;848;SX;S
AM;Zvartnots-2, MRL-5;40;8;43;N;44;23;42;E;852;SX;S
AM;Aragac, MRL-5;40;22;47;N;44;22;31;E;1623;SX;S
AM;Lori-Dseh, MRL-5;40;57;36;N;44;40;35;E;1328;SX;S
TJ;Gissar, MRL-5;38;32;59;N;68;37;14;E;854;SX;S
TJ;Tursunzade, MRL-5;38;28;12;N;68;11;36;E;650;SX;S
TJ;Yavan, MRL-5;38;14;13;N;68;54;34;E;602;SX;S
TJ;Jololuddin-Rumi, MRL-5;37;39;40;N;68;39;15;E;390;SX;S
ML;BAMAKO Radar 74C;12;32;0;N;7;56;0;W;381;C;D
ML;Mopti Radar 74C;14;31;0;N;4;6;0;W;271;C;D
ML;Manantali Radar 74C;13;11;0;N;10;27;0;W;392;C;D
RO;Bucharest;44;30;41;N;26;4;40;E;90;C;S
RO;Craiova;44;18;39;N;23;52;2;E;196;C;S
RO;Medgidia;44;14;34;N;28;15;7;E;72;S;S
RO;Barnova;47;0;46;N;27;34;58;E;395;S;S
RO;Bobohalma;46;21;36;N;24;13;30;E;523;S;S
RO;Oradea;47;1;58;N;21;54;0;E;136;S;S
RO;Timisoara;45;46;15;N;21;15;36;E;86;S;S
MY;TDR KLIA;2;50;48;N;101;40;18;E;78;S;D
BE;Jabbeke;51;11;31;N;3;3;51;E;4;C;D
AE;Abu Dhabi;24;22;17;N;54;28;0;E;1;C;D
AE;Al-Ain;24;15;56;N;55;37;11;E;120;C;S
AU;Adelaide Buckland Park;34;37;1;S;138;28;8;E;4;S;D
AU;Albany;34;56;28;S;117;48;57;E;68;C;S
AU;Alice Springs;23;47;42;S;133;53;20;E;546;C;S
AU;Darwin Berrimah;12;27;21;S;130;55;36;E;50;C;S
AU;Bowen;19;53;9;S;148;4;32;E;55.13;C;S
AU;Brisbane Mt Stapylton;27;43;5;S;153;14;24;E;150;S;D
AU;Melbourne Broadmeadows;37;41;24;S;144;56;50;E;110;C;S
AU;Broome;17;56;54;S;122;14;7;E;7.42;C;S
AU;Cairns Airport;16;52;25;S;145;44;45;E;3;C;S
AU;Learmonth Cape Range;22;6;12;S;113;59;59;E;324;C;S
AU;Canberra Captains Flat;35;39;41;S;149;30;43;E;1359;S;S
AU;Canarvon WA;24;53;16;S;113;40;12;E;4;C;S
AU;Ceduna;32;7;48;S;133;41;47;E;15.3;C;S
AU;Charleville;26;25;12;S;146;16;12;E;-999;C;S
AU;Coffs Hb;30;19;12;S;153;7;12;E;5;C;S
AU;Dampier;20;39;16;S;116;40;56;E;50;C;S
AU;Darwin Airport;12;25;29;S;130;53;32;E;30.4;C;S
AU;Gippsland Bairnsdale;37;53;15;S;147;34;32;E;48;C;S
AU;Esperance;33;49;48;S;121;53;27;E;25;C;S
AU;Eucla;31;40;47;S;128;53;23;E;-999;C;S
AU;Geraldton;28;48;17;S;114;41;56;E;29.7;C;S
AU;Giles;25;2;0;S;128;18;6;E;598;C;S
AU;Gladstone;23;51;19;S;151;15;46;E;74.5;S;S
AU;Gove;12;16;30;S;136;49;12;E;51.6;C;S
AU;Grafton;29;37;12;S;152;58;11;E;25;S;S
AU;Gunn Point Research;12;14;57;S;131;2;41;E;25;C;S
AU;Halls Ck;18;13;48;S;127;39;35;E;422;C;S
AU;Hobart Mt Koonya;43;6;44;S;147;48;21;E;478;C;S
AU;Kalgoorlie;30;47;4;S;121;27;18;E;364;C;S
AU;Kurnell;34;1;12;S;151;13;47;E;39;C;S
AU;Newcastle Williamtown;32;43;54;S;152;1;30;E;60;S;S
AU;Wollongong Appin;34;15;45;S;150;52;30;E;449;S;S
AU;Longreach;23;25;47;S;144;16;48;E;192.2;C;S
AU;Mackay;21;7;2;S;149;13;2;E;44.8;C;S
AU;Marburg;27;36;35;S;152;32;23;E;361;S;S
AU;Melbourne Laverton;37;51;19;S;144;45;20;E;20;S;D
AU;Melbourne Airport;37;39;56;S;144;49;52;E;113.4;C;S
AU;Mildura;34;14;7;S;142;5;10;E;50;C;S
AU;Moree;29;30;0;S;149;50;59;E;213;C;S
AU;Mornington Island;16;39;50;S;139;10;53;E;8.5;C;S
AU;Mt Gambier;37;44;52;S;140;46;29;E;63;C;S
AU;Gympie Mt Kanighan;25;57;26;S;152;34;37;E;336;S;S
AU;MtStuart;19;21;5;S;146;46;48;E;-999;S;S
AU;Norfolk Is;29;2;23;S;167;56;23;E;112;C;S
AU;Perth Serpentine;32;23;30;S;115;52;1;E;16;C;S
AU;Perth Airport;31;55;39;S;115;58;35;E;15.4;C;S
AU;Port Hedland;20;22;21;S;118;37;54;E;6;C;S
AU;Rockh’tn;23;22;47;S;150;28;47;E;10;C;S
AU;Saddle Mt Cairns;16;49;6;S;145;39;47;E;652;C;S
AU;Adelaide Sellicks Hill;35;19;46;S;138;30;7;E;385.7;C;S
AU;Katherine Tindal;14;30;39;S;132;26;49;E;205;C;S
AU;Townsville Hervey Range;19;15;10;S;146;33;3;E;568;C;S
AU;Wagga Wagga;35;9;30;S;147;27;27;E;212;C;S
AU;Weipa;12;39;59;S;141;55;29;E;19;C;S
AU;NW Tasmania  West Takone;41;10;52;S;145;34;44;E;583;C;S
AU;Woomera;31;9;36;S;136;48;4;E;166.6;C;S
AU;Wyndham West Bastion;15;27;12;S;128;7;26;E;333;C;S
AU;Yarrawonga;36;1;47;S;146;1;22;E;129;C;S
CH;Albis;47;17;5;N;8;30;46;E;935;C;D
CH;La Dôle;46;25;33;N;6;5;59;E;1681;C;D
CH;Mt Lema;46;2;31;N;8;50;2;E;1625;C;D
CZ;Brdy-Praha;49;39;30;N;13;49;4;E;860;C;D
CZ;Skalky;49;30;4;N;16;47;19;E;730;C;D
DK;Sindal;57;29;31;N;10;7;58;E;-999;C;-
DK;Römö;55;10;22;N;8;33;7;E;-999;C;-
DK;Bovuholm;55;23;59;N;14;30;0;E;0;C;S
DK;Steuns;55;19;33;N;12;26;56;E;-999;C;-
GR;Thessaloniki;40;31;12;N;22;58;11;E;-999;S;S
GR;Larissa;39;38;24;N;22;28;11;E;-999;S;S
GR;Andrabida;37;55;12;N;21;18;2;E;-999;C;S
GR;Aigina;37;43;11;N;23;31;11;E;-999;C;S
IE;Shannon;52;42;34;N;8;55;12;W;14;C;S
PT;Cruz do Leão;39;4;19;N;8;23;56;W;-999;C;-
PT;Cavalos do Caldeirão;37;18;17;N;7;57;7;W;0;C;S
BR;Belém;1;24;52;S;48;27;44;W;13;S;S
BR;Boa Vista;2;50;39;N;60;42;9;W;82;S;S
BR;Cruzeiro do Sul;7;35;45;S;72;46;4;W;196;S;S
BR;Macapá;0;2;49;N;51;5;55;W;10;S;S
BR;Manaus;3;8;56;S;59;59;29;W;69;S;S
BR;Porto Velho;8;42;54;S;63;53;37;W;85;S;S
BR;Santarém;2;25;47;S;54;47;56;W;45;S;S
BR;São Gabriel da Cachoeira;0;8;37;S;67;3;25;W;92;S;S
BR;São Luiz;2;35;50;S;44;14;21;W;53;S;S
BR;Tabatinga;4;14;54;S;69;56;8;W;83;S;S
BR;Tefé;3;22;38;S;64;43;14;W;53;S;S
BR;Gama;15;58;35;S;48;0;58;W;1267;S;S
BR;São Roque;23;36;7;S;47;5;39;W;1147;S;S
BR;Pico do Couto;22;27;51;S;43;17;50;W;1771;S;S
BR;Canguçu;31;24;14;S;52;42;6;W;466;S;S
BR;Morro da Igreja;28;7;41;S;49;28;19;W;1808;S;S
BR;Santiago;29;13;50;S;54;55;48;W;433;S;S
BR;Fortaleza;3;47;39;S;38;33;27;W;28;X;S
BR;Quixeramobim;5;4;9;S;39;16;1;W;800;S;S
BR;Teixeira Soares;25;30;19;S;50;21;40;W;1007;S;S
BR;Cascavel (planned);24;52;32;S;53;31;31;W;716;S;D
BR;Mateus Leme;19;56;43;S;44;26;4;W;1270;C;D
BR;Maceio;9;33;4;S;35;46;14;W;102;S;D
BR;Salesópolis;23;36;2;S;45;58;22;W;908;S;S
BR;Salesópolis (Nov 2013);23;36;2;S;45;58;22;W;908;S;D
BR;Pelotas (not working);31;42;59;S;52;18;36;W;21;S;S
BR;Barueri mobile;22;57;16;S;43;14;52;W;0;X;D
BR;Bauru;22;21;28;S;49;1;36;W;624;S;S
BR;Presidente Prudente;22;10;30;S;51;22;22;W;460;S;S
BR;Somar X;23;33;47;S;46;42;23;W;728;X;S
BR;Mogi;23;30;18;S;46;5;43;W;816;S;S
BR;Rio de Janeiro - Sumaré;22;57;16;S;43;14;52;W;681;C;S
BR;Guaratiba;22;59;39;S;43;35;16;W;65;S;D
BR;Macaé (planned);22;24;17;S;41;51;35;W;20;S;D
NZ;Mamuku;38;3;56;S;176;3;43;E;604;C;D
NZ;Hokitika;42;44;18;S;171;3;42;E;334;C;D
AR;Anguil;36;32;23;S;63;59;24;W;160;C;D
AR;Parana;31;50;54;S;60;32;14;W;92;C;D
AR;Pergamino;33;56;46;S;60;33;45;W;70;C;S
AR;Ezeiza International Airport;34;47;16;S;58;32;12;W;20;C;S
KE;DWSR-8501 - MALINDI;3;16;10;S;40;3;1;E;37;S;D
KE;DWSR-8501 - JKIA;1;19;17;S;36;56;23;E;1658;S;D
VE;Jeremba;10;24;37;N;67;13;4;W;-999;S;S
VE;Capuchino;10;32;59;N;63;21;7;W;-999;S;S
VE;Maracaibo;10;33;51;N;71;43;21;W;-999;S;S
VE;Guasdualito;7;12;25;N;70;45;40;W;-999;S;S
VE;Puerto Ayacucho;5;39;5;N;67;36;16;W;-999;S;S
VE;Karun;5;18;57;N;63;24;9;W;-999;S;S
VE;Santa Elena;4;34;8;N;61;4;37;W;-999;S;S
VE;Guri;7;46;27;N;63;3;5;W;-999;S;S
BS;Nassau;25;3;0;N;77;28;0;W;-999;S;-
BB;Barbados;13;11;0;N;59;33;0;W;-999;S;-
BZ;Belize;17;32;8;N;88;18;21;W;31;S;S
JM;Kingston;18;4;0;N;76;51;0;W;-999;S;-
GY;Guyana;6;29;0;N;58;15;0;W;-999;S;-
CU;Casablanca MRL-5M;23;9;0;N;82;21;0;W;-999;S;S
CU;Camaguey MRL-5M;21;23;0;N;77;51;0;W;-999;S;S
CU;La Bajada RC-32BM;21;51;0;N;84;29;0;W;-999;S;S
CU;Punta del Este RC-32BM;21;33;0;N;82;32;0;W;-999;S;S
CU;Gran Piedra RC-32BM;20;1;0;N;75;38;0;W;-999;S;S
CU;Pico San Juan MRL-5M;21;59;0;N;80;9;0;W;-999;S;S
CU;Pilón MRL-5M;19;56;0;N;77;24;0;W;-999;S;S
CU;Holguín Meteor 1500 S;20;56;0;N;76;12;0;W;-999;S;S
DO;Punta Cana TDR-4350;18;31;0;N;68;24;0;W;-999;S;-
SV;Santa Ana;13;58;43;N;89;33;53;W;-999;X;-
SV;San Salvador;13;41;15;N;89;13;43;W;-999;X;-
SV;San Miguel;13;29;55;N;88;9;45;W;-999;X;-
SV;Sonsonate;13;42;33;N;89;43;53;W;-999;X;-
SV;Chalatenango;14;9;46;N;88;56;41;W;-999;X;-
SV;Zacatecoluca;13;30;19;N;88;52;33;W;-999;X;-
PF;Le Moule, Guadeloupe;16;19;0;N;61;20;0;W;-999;S;-
PF;Diamant, Martinique;14;30;0;N;61;1;0;W;-999;S;-
PF;Kourou, French Guiana;4;50;0;N;52;22;0;W;-999;C;-
MX;Altamira, Tamaulipas;22;23;16;N;97;55;31;W;9;C;S
MX;Guasave, Sinaloa;25;34;3;N;108;27;48;W;29;C;S
MX;Los Cabos, Baja California Sur;22;52;52;N;109;55;36;W;255;C;S
MX;El Palmito, Durango;25;45;21;N;104;54;17;W;2180;C;S
MX;Acapulco, Guerrero;16;45;48;N;99;44;58;W;3;C;D
MX;Sabancuy, Campeche;18;58;21;N;91;10;22;W;3;C;D
MX;Cancún, Quintana Roo;21;1;44;N;86;51;7;W;6;C;S
MX;Cuyutlán, Colima;18;56;10;N;104;5;59;W;0;C;S
MX;Puerto Angel, Oaxaca;15;40;17;N;96;29;51;W;97;C;S
MX;Alvarado, Veracruz;18;42;57;N;95;37;57;W;60;C;S
MX;Cd. Obregón, Sonora;27;28;54;N;109;56;44;W;47;C;S
MX;Cerro El Mozotal, Chiapas;15;25;34;N;92;20;34;W;2952;C;D
CW;Hato Airport, Curaçao WSR-74S;12;10;0;N;68;56;0;W;-999;S;-
BM;LF Wade Intl. Airport;32;21;4;N;64;39;28;W;45;S;S
KY;Grand Cayman;19;19;44;N;81;8;37;W;1;S;D
MX;Cerro de la Catedral, Estado de México;19;33;0;N;99;31;14;W;3740;C;S
SX;Juliana Airport, St. Maarten WSR-74S;18;3;0;N;63;4;0;W;-999;S;-
FR;Mont Colombis;44;29;46;N;6;13;14;E;1736;X;D
FR;Mont Maurel;44;0;46;N;6;31;45;E;1772;X;D
FR;Vars;44;35;15;N;6;39;11;E;2575;X;D
IE;DUBLIN;53;25;48;N;6;14;38;W;68;C;S
MD;Shtefan-Vode, MRL-5;46;38;43;N;29;37;56;E;190;S;S
AU;Willis Island;16;17;16;S;149;57;54;E;9;C;S
AU;Namoi;31;1;26;S;150;11;27;E;695;S;S
AU;Mount Isa Telstra Hill;20;42;41;S;139;33;19;E;501;S;S
AU;Tennant Creek;19;38;32;S;134;10;59;E;375;C;S
AU;Warruwi;11;38;55;S;133;22;48;E;19;C;S
AU;Emerald;23;32;59;S;148;14;21;E;187;S;S
CH;Plaine Morte;46;22;14;N;7;29;12;E;2937;C;D
TR;Mobile-X;36;44;48;N;37;7;5;E;936;X;D
AU;Sydney Terrey Hills;33;42;3;S;151;12;34;E;199;S;D
NO;Berlevåg;70;30;3;N;29;0;43;E;454;C;D
X2;TestRadarDummy2;30;30;3;N;20;20;20;W;-999;;S
X6;Pula Airport;55;0;0;N;13;0;0;E;-999;;S
X3;Saskatoon Airport;52;10;0;N;106;42;0;W;400;S;D
X7;Juan Santamaría International;9;58;48;N;9;58;48;E;-999;;S
RU;Kuba-Taba, MRL-5;43;48;59;N;43;24;30;E;692;S;S
NZ;Kaeo Northland;35;4;50;S;173;48;19;E;383;C;D
IS;Fljótsdalsheiði;65;1;40;N;15;2;17;W;693;C;S
IS;Huginn Mobil Radar;63;46;32;N;19;59;22;W;-999;X;D
IS;Muninn Mobil Radar;63;46;6;N;17;43;34;W;-999;X;D
TR;Bursa;40;32;18;N;29;54;12;E;1217;C;D
TR;Karaman;37;23;32;N;33;8;23;E;2230;C;D
TR;Afyonkarahisar;38;24;6;N;30;25;9;E;2247;C;D
TR;Gaziantep;37;8;14;N;37;8;14;E;1456;C;D
TR;?anl?urfa;37;43;0;N;39;49;44;E;1922;C;D
TR;Sivas;39;28;33;N;36;3;46;E;2320;C;D
TR;Erzurum;40;9;37;N;41;33;24;E;3120;C;D
HK;Brothers Point;22;21;31;N;114;1;16;E;78;C;S
VN;Dong Ha;16;48;0;N;107;5;0;E;70;C;S
VN;Viet Tri;21;28;0;N;105;25;0;E;200;C;S
AU;WARREGO DULBYDILLA;26;26;24;S;147;20;57;E;517;C;S
RU;Arhangelsk;64;37;0;N;40;30;0;E;27;C;D
RU;Barabinsk;55;21;0;N;78;18;0;E;121;C;D
RU;Bryansk;53;13;0;N;34;11;0;E;200;C;D
RU;Vnukovo;55;35;0;N;37;15;0;E;228;C;D
RU;Izhevsk;56;50;0;N;53;27;0;E;182;C;D
BR;Macaé;22;24;17;S;41;51;36;W;20;S;D
BR;Natal;5;54;16;S;35;15;14;W;78;S;D
BR;Petrolina;9;22;1;S;40;34;23;W;394;S;D
BR;Salvador;12;54;9;S;38;19;36;W;30;S;D
BR;Jaraguari;20;16;43;S;54;28;26;W;753;S;D
BR;Almenara;16;12;7;S;40;40;27;W;814;S;D
BR;Três Marias;18;12;26;S;45;27;37;W;936;S;D
BR;São Francisco;16;0;32;S;44;41;45;W;730;S;D
BR;Santa Tereza;19;59;20;S;40;34;46;W;1009;S;D
BR;Lontras;27;13;52;S;49;27;42;W;857;S;D
RU;Vladivostok;42;21;0;N;132;3;0;E;40;C;D
RU;Kazan;55;35;0;N;49;17;0;E;110;C;D
RU;Kostroma;57;48;0;N;41;1;0;E;130;C;D
RU;Moscow-Profsoyuznaya;55;39;0;N;37;32;0;E;350;C;D
RU;Nizhny Novgorod;56;21;0;N;44;4;0;E;-999;C;D
RU;Petrozavodsk;61;49;0;N;34;15;0;E;160;C;D
RU;Smolensk;54;50;0;N;32;0;0;E;310;C;D
RU;Ufa;54;33;0;N;55;53;0;E;140;C;D
RU;Sheremetyevo;55;55;0;N;37;31;0;E;220;C;D
RU;Vologda;59;16;0;N;39;55;0;E;158;C;D
RU;Orenburg;51;41;0;N;55;4;0;E;126;C;D
RU;Moscow Krylatskoe, MRL-5;55;45;0;N;37;24;0;E;200;X;S
RU;Tver, MRL-5;56;49;0;N;34;59;0;E;130;X;S
RU;Kaluga, MRL-5;54;34;0;N;36;20;0;E;215;X;S
GE;Meteo 1100;41;45;33;N;44;54;59;E;1057;X;D
CH;Weissfluhgipfel;46;50;6;N;9;47;40;E;2850;C;D
AR;RMA0 - Bariloche;41;8;23;S;71;8;59;W;850;C;D
AR;RMA1 - Córdoba;31;26;29;S;64;11;31;W;441;C;D
AR;RMA2 - Ezeiza;34;48;3;S;58;30;55;W;12;C;D
NO;Hurum;59;37;38;N;10;33;52;E;347;C;D
NO;Sømna;65;13;12;N;11;59;33;E;302;C;D
RU;MRL-5, Psinabo;43;31;32;N;43;54;12;E;302;S;S
RU;DMRL-10;44;26;1;N;43;54;11;E;142;S;S
DE;BOO;54;0;16;N;10;2;49;E;92;C;D
DE;HNR;52;27;36;N;9;41;40;E;51;C;D
DE;PRO;52;38;55;N;13;51;29;E;136;C;D
DE;FLD;51;18;40;N;8;48;7;E;553;C;D
DE;OFT;49;59;5;N;8;42;47;E;198;C;D
DE;ISN;48;10;29;N;12;6;6;E;630;C;D
DE;MEM;48;2;32;N;10;13;9;E;667;C;D
ID;Bengkulu;3;51;30;S;102;20;28;E;15;C;S
ID;Gorontalo;0;38;10;S;123;0;38;E;76;C;S
ID;Jambi;1;37;51;S;103;38;32;E;44;C;S
ID;Palu;0;40;6;S;119;49;9;E;-999;X;D
ID;Yogyakarta;7;43;53;S;110;21;15;E;-999;C;S
ID;Pangkalan Bun;2;44;11;S;111;38;25;E;-999;C;S
ID;Pangkal Pinang;2;9;42;S;106;8;11;E;-999;C;S
ID;Mataram;8;45;12;S;116;14;59;E;-999;C;S
ID;Kendari;4;3;20;S;122;26;57;E;-999;C;S
ID;Sorong;0;53;24;S;131;17;9;E;-999;C;S
ID;Merauke;8;29;34;S;140;23;19;E;-999;C;S
ID;Ternate;0;51;21;S;127;50;20;E;54;C;S
ID;Tarakan;3;18;48;S;117;34;53;E;7;C;S
ID;Pekanbaru;0;27;15;S;110;27;51;E;13;C;S
ID;Banjarmasin;3;27;44;S;114;50;27;E;55;C;S
AR;RMA3 - Las Lomitas;24;43;50;S;60;33;6;W;162;C;D
AR;RMA4 - Resistencia;27;27;7;S;59;3;4;W;84;C;D
AR;RMA5 - Bernardo de Irigoyen;26;16;41;S;53;40;15;W;806;C;D
AR;RMA6 - Mar del Plata;37;54;47;S;57;31;40;W;45;C;D
HU;Szentes;46;38;23;N;20;25;57;E;93;C;D
ZA;George;34;13;10;S;21;46;58;E;236;S;D
ZA;Cape Town Int. Airport;33;57;17;S;18;36;2;E;49;X;D
AE;Al- Yahar;24;14;8;N;55;32;22;E;202;C;D
AE;Dubai Airport;24;30;8;N;52;19;54;E;5;C;D
AE;Mobile-X;0;0;0;N;0;0;0;E;-999;X;D
AU;Newdegate WA;33;5;49;S;119;0;32;E;345;C;S
NO;Hafjell;61;13;54;N;10;31;38;E;1064;C;D
AU;South Doodlakine Radar;31;46;37;S;117;57;10;E;392;C;S
IR;Ardebil;38;53;18;N;47;56;34;E;1859;X;D
IR;Gilan;37;25;26;N;49;53;34;E;30;C;S
AU;Watheroo;30;21;37;S;116;17;23;E;342;C;S
AU;Hobart Airport;42;50;14;S;147;30;3;E;23;C;S
GE;Meteo Poti;42;10;4;N;41;41;44;E;0;X;D
FI;PET;62;18;16;N;25;26;24;E;241;C;D
FI;KES;61;54;25;N;29;47;52;E;141;C;D
RU;Velikie Luki;56;23;0;N;30;38;0;E;159;C;D
RU;Elista;46;21;0;N;44;15;0;E;245;C;D
RU;Voeikovo;59;56;0;N;30;42;0;E;110;C;D
RU;Kirov;58;27;0;N;49;20;0;E;147;C;D
RU;KOTLAS;61;14;0;N;46;42;0;E;90;C;D
RU;KURSK;51;52;0;N;36;8;0;E;307;C;D
RU;Petropavlovsk-Kamchatskiy;53;0;0;N;158;42;0;E;526;C;D
RU;Samara;52;58;0;N;49;25;0;E;70;C;D
RU;Tula;53;59;0;N;38;8;0;E;264;C;D
RU;Pulkovo, Meteor 500C;59;48;24;N;30;13;40;E;20;C;S
FR;Moucherotte;45;8;52;N;5;38;22;E;1895;X;D
NL;Herwijnen;51;50;13;N;5;8;17;E;1;C;D
CY;Rizoelia, Aradippou;34;56;11;N;33;33;59;E;117;X;D
CA;Blainville Mobile X Band;45;42;33;N;73;51;47;W;70.5;X;D
AR;RMA7 - Neuquén;38;52;36;S;68;8;43;W;-999;C;D
AR;RMA9 - Río Grande;53;47;6;S;67;45;36;W;-999;C;D
AR;RMA11 - Mercedes;29;11;45;S;58;2;41;W;-999;C;D
AR;RMA10 - Espora;38;44;4;S;62;9;49;W;-999;C;D
HR;Puntijarka;45;54;28;N;15;58;6;E;992;S;S
MA;Nouaceur;33;22;7;N;7;34;37;W;207;C;S
MA;Larache;35;9;49;N;6;6;59;W;54;C;S
MA;Agadir;30;19;39;N;9;23;52;W;65;C;S
MA;Benguerir;37;7;15;N;7;52;5;W;707;C;S
IN;DWR Agartala;23;53;20;N;91;15;16;E;16;S;S
OM;Ras Al-Had;22;17;57;N;59;48;48;E;45;S;D
OM;Salalah;17;7;32;N;53;55;58;E;975;S;D
OM;Duqm;19;29;56;N;57;37;26;E;120;S;D
OM;Fahud;22;18;9;N;56;29;42;E;275;S;D
OM;Muscat;23;34;5;N;58;17;15;E;5;S;D
IN;DWR Bhopal;23;14;29;N;77;25;26;E;531;S;S
IN;DWR Bhuj;23;14;31;N;69;38;45;E;120;S;S
IN;DWR Chennai;13;4;12;N;80;16;48;E;1;S;S
IN;DWR Delhi Palam;28;33;34;N;77;4;23;E;216;S;S
IN;DWR Delhi HQ;28;35;23;N;77;13;19;E;209;C;D
IN;DWR Goa;15;29;18;N;73;49;24;E;59;S;S
IN;DWR Hyderabad;17;27;18;N;78;28;24;E;535;S;S
IN;DWR Jaipur;26;49;14;N;75;49;7;E;385;C;D
IN;DWR Kolkata;22;34;12;N;88;20;59;E;9;S;S
IN;DWR Lucknow;26;46;7;N;80;53;7;E;122;S;S
IN;DWR Machilipatnam;16;10;48;N;81;9;0;E;3;S;S
IN;DWR Mohanbari;27;14;0;N;95;1;0;E;111;S;S
IN;DWR Mumbai;18;54;4;N;72;48;32;E;3;S;S
IN;DWR Nagpur;21;5;48;N;79;3;48;E;311;S;S
IN;DWR Paradip;20;15;32;N;86;39;13;E;9;S;S
IN;DWR Patiala;30;21;27;N;76;26;59;E;251;S;S
IN;DWR Patna;30;21;27;N;76;26;59;E;251;S;S
IN;DWR Srinagar;34;3;26;N;74;48;48;E;1588;X;S
IN;DWR Vishakhapatnam;17;24;0;N;83;16;48;E;149;S;S
IN;DWR Gopalpur;19;15;44;N;84;53;53;E;26;S;D
MA;Fes;33;55;49;N;4;58;7;W;515;C;S
MA;Khouribga;32;51;18;N;6;57;25;W;774;C;S
GR;Im?ttos;37;56;48;N;23;48;50;E;1023;C;S
GR;Preveza;38;54;59;N;20;45;10;E;34;C;S
GR;Xrisoupoli;40;55;59;N;24;37;41;E;38;C;D
GR;Astypalaia;36;21;47;N;26;15;48;E;367;C;S
IR;Fars;29;41;6;N;52;24;32;E;2560;C;D
IR;Bushehr;28;55;59;N;50;53;17;E;10;C;S
SK;Kubinska Hola;49;16;18;N;19;14;58;E;1405;C;D
SK;Spani laz;48;14;25;N;19;15;27;E;619;C;D
RW;KGL1, ARC C250P Radar;2;9;29;S;30;6;47;E;1567;C;D
AR;JUJUY-EEC;24;14;25;S;65;19;59;W;1719;C;S
RU;Belgorod;50;28;0;N;36;17;0;E;280;C;D
RU;Krasnodar;45;2;0;N;39;9;0;E;76;C;D
RU;Millerovo;48;56;0;N;40;24;0;E;197;C;D
RU;Novosibirsk;55;1;0;N;82;37;0;E;100;C;D
RU;Tambov;52;46;0;N;41;44;0;E;217;C;D
SG;C-MDWR;1;24;54;N;103;53;1;E;2.8;C;D
